-246,-246,"K7/P7/8/8/8/8/7b/6k1 b - - 0 1","       +---+---+---+---+---+---+---+---+
8 ( 0) | K |   |   |   |   |   |   |   |
       +---+---+---+---+---+---+---+---+
7 ( 8) | P |   |   |   |   |   |   |   |
       +---+---+---+---+---+---+---+---+
6 (16) |   |   |   |   |   |   |   |   |
       +---+---+---+---+---+---+---+---+
5 (24) |   |   |   |   |   |   |   |   |
       +---+---+---+---+---+---+---+---+
4 (32) |   |   |   |   |   |   |   |   |
       +---+---+---+---+---+---+---+---+
3 (40) |   |   |   |   |   |   |   |   |
       +---+---+---+---+---+---+---+---+
2 (48) |   |   |   |   |   |   |   | b |
       +---+---+---+---+---+---+---+---+
1 (56) |   |   |   |   |   |   | k |   |
       +---+---+---+---+---+---+---+---+
         a   b   c   d   e   f   g   h  
K7/P7/8/8/8/8/7b/6k1 b - -
",""
-4,-4,"b7/7P/8/8/8/8/8/1k2K3 b - - 0 1","       +---+---+---+---+---+---+---+---+
8 ( 0) | b |   |   |   |   |   |   |   |
       +---+---+---+---+---+---+---+---+
7 ( 8) |   |   |   |   |   |   |   | P |
       +---+---+---+---+---+---+---+---+
6 (16) |   |   |   |   |   |   |   |   |
       +---+---+---+---+---+---+---+---+
5 (24) |   |   |   |   |   |   |   |   |
       +---+---+---+---+---+---+---+---+
4 (32) |   |   |   |   |   |   |   |   |
       +---+---+---+---+---+---+---+---+
3 (40) |   |   |   |   |   |   |   |   |
       +---+---+---+---+---+---+---+---+
2 (48) |   |   |   |   |   |   |   |   |
       +---+---+---+---+---+---+---+---+
1 (56) |   | k |   |   | K |   |   |   |
       +---+---+---+---+---+---+---+---+
         a   b   c   d   e   f   g   h  
b7/7P/8/8/8/8/8/1k2K3 b - -
",""
-28,-28,"8/P7/5b2/8/8/8/6K1/3k4 b - - 0 1","       +---+---+---+---+---+---+---+---+
8 ( 0) |   |   |   |   |   |   |   |   |
       +---+---+---+---+---+---+---+---+
7 ( 8) | P |   |   |   |   |   |   |   |
       +---+---+---+---+---+---+---+---+
6 (16) |   |   |   |   |   | b |   |   |
       +---+---+---+---+---+---+---+---+
5 (24) |   |   |   |   |   |   |   |   |
       +---+---+---+---+---+---+---+---+
4 (32) |   |   |   |   |   |   |   |   |
       +---+---+---+---+---+---+---+---+
3 (40) |   |   |   |   |   |   |   |   |
       +---+---+---+---+---+---+---+---+
2 (48) |   |   |   |   |   |   | K |   |
       +---+---+---+---+---+---+---+---+
1 (56) |   |   |   | k |   |   |   |   |
       +---+---+---+---+---+---+---+---+
         a   b   c   d   e   f   g   h  
8/P7/5b2/8/8/8/6K1/3k4 b - -
",""
-22,-22,"8/2P2K2/8/8/k7/b7/8/8 b - - 0 1","       +---+---+---+---+---+---+---+---+
8 ( 0) |   |   |   |   |   |   |   |   |
       +---+---+---+---+---+---+---+---+
7 ( 8) |   |   | P |   |   | K |   |   |
       +---+---+---+---+---+---+---+---+
6 (16) |   |   |   |   |   |   |   |   |
       +---+---+---+---+---+---+---+---+
5 (24) |   |   |   |   |   |   |   |   |
       +---+---+---+---+---+---+---+---+
4 (32) | k |   |   |   |   |   |   |   |
       +---+---+---+---+---+---+---+---+
3 (40) | b |   |   |   |   |   |   |   |
       +---+---+---+---+---+---+---+---+
2 (48) |   |   |   |   |   |   |   |   |
       +---+---+---+---+---+---+---+---+
1 (56) |   |   |   |   |   |   |   |   |
       +---+---+---+---+---+---+---+---+
         a   b   c   d   e   f   g   h  
8/2P2K2/8/8/k7/b7/8/8 b - -
",""
-58,-58,"8/3P4/K7/8/3k4/8/8/3b4 b - - 0 1","       +---+---+---+---+---+---+---+---+
8 ( 0) |   |   |   |   |   |   |   |   |
       +---+---+---+---+---+---+---+---+
7 ( 8) |   |   |   | P |   |   |   |   |
       +---+---+---+---+---+---+---+---+
6 (16) | K |   |   |   |   |   |   |   |
       +---+---+---+---+---+---+---+---+
5 (24) |   |   |   |   |   |   |   |   |
       +---+---+---+---+---+---+---+---+
4 (32) |   |   |   | k |   |   |   |   |
       +---+---+---+---+---+---+---+---+
3 (40) |   |   |   |   |   |   |   |   |
       +---+---+---+---+---+---+---+---+
2 (48) |   |   |   |   |   |   |   |   |
       +---+---+---+---+---+---+---+---+
1 (56) |   |   |   | b |   |   |   |   |
       +---+---+---+---+---+---+---+---+
         a   b   c   d   e   f   g   h  
8/3P4/K7/8/3k4/8/8/3b4 b - -
",""
-50,-50,"8/2P3K1/8/6k1/8/4b3/8/8 b - - 0 1","       +---+---+---+---+---+---+---+---+
8 ( 0) |   |   |   |   |   |   |   |   |
       +---+---+---+---+---+---+---+---+
7 ( 8) |   |   | P |   |   |   | K |   |
       +---+---+---+---+---+---+---+---+
6 (16) |   |   |   |   |   |   |   |   |
       +---+---+---+---+---+---+---+---+
5 (24) |   |   |   |   |   |   | k |   |
       +---+---+---+---+---+---+---+---+
4 (32) |   |   |   |   |   |   |   |   |
       +---+---+---+---+---+---+---+---+
3 (40) |   |   |   |   | b |   |   |   |
       +---+---+---+---+---+---+---+---+
2 (48) |   |   |   |   |   |   |   |   |
       +---+---+---+---+---+---+---+---+
1 (56) |   |   |   |   |   |   |   |   |
       +---+---+---+---+---+---+---+---+
         a   b   c   d   e   f   g   h  
8/2P3K1/8/6k1/8/4b3/8/8 b - -
",""
-162,-162,"8/5P2/8/8/4b3/8/6k1/2K5 b - - 0 1","       +---+---+---+---+---+---+---+---+
8 ( 0) |   |   |   |   |   |   |   |   |
       +---+---+---+---+---+---+---+---+
7 ( 8) |   |   |   |   |   | P |   |   |
       +---+---+---+---+---+---+---+---+
6 (16) |   |   |   |   |   |   |   |   |
       +---+---+---+---+---+---+---+---+
5 (24) |   |   |   |   |   |   |   |   |
       +---+---+---+---+---+---+---+---+
4 (32) |   |   |   |   | b |   |   |   |
       +---+---+---+---+---+---+---+---+
3 (40) |   |   |   |   |   |   |   |   |
       +---+---+---+---+---+---+---+---+
2 (48) |   |   |   |   |   |   | k |   |
       +---+---+---+---+---+---+---+---+
1 (56) |   |   | K |   |   |   |   |   |
       +---+---+---+---+---+---+---+---+
         a   b   c   d   e   f   g   h  
8/5P2/8/8/4b3/8/6k1/2K5 b - -
",""
-72,-72,"8/3P3b/8/2K4k/8/8/8/8 b - - 0 1","       +---+---+---+---+---+---+---+---+
8 ( 0) |   |   |   |   |   |   |   |   |
       +---+---+---+---+---+---+---+---+
7 ( 8) |   |   |   | P |   |   |   | b |
       +---+---+---+---+---+---+---+---+
6 (16) |   |   |   |   |   |   |   |   |
       +---+---+---+---+---+---+---+---+
5 (24) |   |   | K |   |   |   |   | k |
       +---+---+---+---+---+---+---+---+
4 (32) |   |   |   |   |   |   |   |   |
       +---+---+---+---+---+---+---+---+
3 (40) |   |   |   |   |   |   |   |   |
       +---+---+---+---+---+---+---+---+
2 (48) |   |   |   |   |   |   |   |   |
       +---+---+---+---+---+---+---+---+
1 (56) |   |   |   |   |   |   |   |   |
       +---+---+---+---+---+---+---+---+
         a   b   c   d   e   f   g   h  
8/3P3b/8/2K4k/8/8/8/8 b - -
",""
-4,-4,"8/7P/k7/7b/8/8/8/6K1 b - - 0 1","       +---+---+---+---+---+---+---+---+
8 ( 0) |   |   |   |   |   |   |   |   |
       +---+---+---+---+---+---+---+---+
7 ( 8) |   |   |   |   |   |   |   | P |
       +---+---+---+---+---+---+---+---+
6 (16) | k |   |   |   |   |   |   |   |
       +---+---+---+---+---+---+---+---+
5 (24) |   |   |   |   |   |   |   | b |
       +---+---+---+---+---+---+---+---+
4 (32) |   |   |   |   |   |   |   |   |
       +---+---+---+---+---+---+---+---+
3 (40) |   |   |   |   |   |   |   |   |
       +---+---+---+---+---+---+---+---+
2 (48) |   |   |   |   |   |   |   |   |
       +---+---+---+---+---+---+---+---+
1 (56) |   |   |   |   |   |   | K |   |
       +---+---+---+---+---+---+---+---+
         a   b   c   d   e   f   g   h  
8/7P/k7/7b/8/8/8/6K1 b - -
",""
-12,-12,"8/6P1/3K4/6b1/1k6/8/8/8 b - - 0 1","       +---+---+---+---+---+---+---+---+
8 ( 0) |   |   |   |   |   |   |   |   |
       +---+---+---+---+---+---+---+---+
7 ( 8) |   |   |   |   |   |   | P |   |
       +---+---+---+---+---+---+---+---+
6 (16) |   |   |   | K |   |   |   |   |
       +---+---+---+---+---+---+---+---+
5 (24) |   |   |   |   |   |   | b |   |
       +---+---+---+---+---+---+---+---+
4 (32) |   | k |   |   |   |   |   |   |
       +---+---+---+---+---+---+---+---+
3 (40) |   |   |   |   |   |   |   |   |
       +---+---+---+---+---+---+---+---+
2 (48) |   |   |   |   |   |   |   |   |
       +---+---+---+---+---+---+---+---+
1 (56) |   |   |   |   |   |   |   |   |
       +---+---+---+---+---+---+---+---+
         a   b   c   d   e   f   g   h  
8/6P1/3K4/6b1/1k6/8/8/8 b - -
",""
-110,-110,"8/1P2k3/8/8/8/8/4b3/K7 b - - 0 1","       +---+---+---+---+---+---+---+---+
8 ( 0) |   |   |   |   |   |   |   |   |
       +---+---+---+---+---+---+---+---+
7 ( 8) |   | P |   |   | k |   |   |   |
       +---+---+---+---+---+---+---+---+
6 (16) |   |   |   |   |   |   |   |   |
       +---+---+---+---+---+---+---+---+
5 (24) |   |   |   |   |   |   |   |   |
       +---+---+---+---+---+---+---+---+
4 (32) |   |   |   |   |   |   |   |   |
       +---+---+---+---+---+---+---+---+
3 (40) |   |   |   |   |   |   |   |   |
       +---+---+---+---+---+---+---+---+
2 (48) |   |   |   |   | b |   |   |   |
       +---+---+---+---+---+---+---+---+
1 (56) | K |   |   |   |   |   |   |   |
       +---+---+---+---+---+---+---+---+
         a   b   c   d   e   f   g   h  
8/1P2k3/8/8/8/8/4b3/K7 b - -
",""
-52,-52,"k2b4/6P1/8/3K4/8/8/8/8 b - - 0 1","       +---+---+---+---+---+---+---+---+
8 ( 0) | k |   |   | b |   |   |   |   |
       +---+---+---+---+---+---+---+---+
7 ( 8) |   |   |   |   |   |   | P |   |
       +---+---+---+---+---+---+---+---+
6 (16) |   |   |   |   |   |   |   |   |
       +---+---+---+---+---+---+---+---+
5 (24) |   |   |   | K |   |   |   |   |
       +---+---+---+---+---+---+---+---+
4 (32) |   |   |   |   |   |   |   |   |
       +---+---+---+---+---+---+---+---+
3 (40) |   |   |   |   |   |   |   |   |
       +---+---+---+---+---+---+---+---+
2 (48) |   |   |   |   |   |   |   |   |
       +---+---+---+---+---+---+---+---+
1 (56) |   |   |   |   |   |   |   |   |
       +---+---+---+---+---+---+---+---+
         a   b   c   d   e   f   g   h  
k2b4/6P1/8/3K4/8/8/8/8 b - -
",""
-56,-56,"8/4P3/8/8/1k6/8/K2b4/8 b - - 0 1","       +---+---+---+---+---+---+---+---+
8 ( 0) |   |   |   |   |   |   |   |   |
       +---+---+---+---+---+---+---+---+
7 ( 8) |   |   |   |   | P |   |   |   |
       +---+---+---+---+---+---+---+---+
6 (16) |   |   |   |   |   |   |   |   |
       +---+---+---+---+---+---+---+---+
5 (24) |   |   |   |   |   |   |   |   |
       +---+---+---+---+---+---+---+---+
4 (32) |   | k |   |   |   |   |   |   |
       +---+---+---+---+---+---+---+---+
3 (40) |   |   |   |   |   |   |   |   |
       +---+---+---+---+---+---+---+---+
2 (48) | K |   |   | b |   |   |   |   |
       +---+---+---+---+---+---+---+---+
1 (56) |   |   |   |   |   |   |   |   |
       +---+---+---+---+---+---+---+---+
         a   b   c   d   e   f   g   h  
8/4P3/8/8/1k6/8/K2b4/8 b - -
",""
-2,-2,"8/5P2/8/8/b6k/K7/8/8 b - - 0 1","       +---+---+---+---+---+---+---+---+
8 ( 0) |   |   |   |   |   |   |   |   |
       +---+---+---+---+---+---+---+---+
7 ( 8) |   |   |   |   |   | P |   |   |
       +---+---+---+---+---+---+---+---+
6 (16) |   |   |   |   |   |   |   |   |
       +---+---+---+---+---+---+---+---+
5 (24) |   |   |   |   |   |   |   |   |
       +---+---+---+---+---+---+---+---+
4 (32) | b |   |   |   |   |   |   | k |
       +---+---+---+---+---+---+---+---+
3 (40) | K |   |   |   |   |   |   |   |
       +---+---+---+---+---+---+---+---+
2 (48) |   |   |   |   |   |   |   |   |
       +---+---+---+---+---+---+---+---+
1 (56) |   |   |   |   |   |   |   |   |
       +---+---+---+---+---+---+---+---+
         a   b   c   d   e   f   g   h  
8/5P2/8/8/b6k/K7/8/8 b - -
",""
-62,-62,"8/1b1P4/8/2K5/8/8/7k/8 b - - 0 1","       +---+---+---+---+---+---+---+---+
8 ( 0) |   |   |   |   |   |   |   |   |
       +---+---+---+---+---+---+---+---+
7 ( 8) |   | b |   | P |   |   |   |   |
       +---+---+---+---+---+---+---+---+
6 (16) |   |   |   |   |   |   |   |   |
       +---+---+---+---+---+---+---+---+
5 (24) |   |   | K |   |   |   |   |   |
       +---+---+---+---+---+---+---+---+
4 (32) |   |   |   |   |   |   |   |   |
       +---+---+---+---+---+---+---+---+
3 (40) |   |   |   |   |   |   |   |   |
       +---+---+---+---+---+---+---+---+
2 (48) |   |   |   |   |   |   |   | k |
       +---+---+---+---+---+---+---+---+
1 (56) |   |   |   |   |   |   |   |   |
       +---+---+---+---+---+---+---+---+
         a   b   c   d   e   f   g   h  
8/1b1P4/8/2K5/8/8/7k/8 b - -
",""
-2,-2,"8/4P3/8/8/8/8/1bK5/6k1 b - - 0 1","       +---+---+---+---+---+---+---+---+
8 ( 0) |   |   |   |   |   |   |   |   |
       +---+---+---+---+---+---+---+---+
7 ( 8) |   |   |   |   | P |   |   |   |
       +---+---+---+---+---+---+---+---+
6 (16) |   |   |   |   |   |   |   |   |
       +---+---+---+---+---+---+---+---+
5 (24) |   |   |   |   |   |   |   |   |
       +---+---+---+---+---+---+---+---+
4 (32) |   |   |   |   |   |   |   |   |
       +---+---+---+---+---+---+---+---+
3 (40) |   |   |   |   |   |   |   |   |
       +---+---+---+---+---+---+---+---+
2 (48) |   | b | K |   |   |   |   |   |
       +---+---+---+---+---+---+---+---+
1 (56) |   |   |   |   |   |   | k |   |
       +---+---+---+---+---+---+---+---+
         a   b   c   d   e   f   g   h  
8/4P3/8/8/8/8/1bK5/6k1 b - -
",""
-40,-40,"8/P1b3K1/8/8/8/8/5k2/8 b - - 0 1","       +---+---+---+---+---+---+---+---+
8 ( 0) |   |   |   |   |   |   |   |   |
       +---+---+---+---+---+---+---+---+
7 ( 8) | P |   | b |   |   |   | K |   |
       +---+---+---+---+---+---+---+---+
6 (16) |   |   |   |   |   |   |   |   |
       +---+---+---+---+---+---+---+---+
5 (24) |   |   |   |   |   |   |   |   |
       +---+---+---+---+---+---+---+---+
4 (32) |   |   |   |   |   |   |   |   |
       +---+---+---+---+---+---+---+---+
3 (40) |   |   |   |   |   |   |   |   |
       +---+---+---+---+---+---+---+---+
2 (48) |   |   |   |   |   | k |   |   |
       +---+---+---+---+---+---+---+---+
1 (56) |   |   |   |   |   |   |   |   |
       +---+---+---+---+---+---+---+---+
         a   b   c   d   e   f   g   h  
8/P1b3K1/8/8/8/8/5k2/8 b - -
",""
-46,-46,"8/7P/8/8/8/K4b2/8/7k b - - 0 1","       +---+---+---+---+---+---+---+---+
8 ( 0) |   |   |   |   |   |   |   |   |
       +---+---+---+---+---+---+---+---+
7 ( 8) |   |   |   |   |   |   |   | P |
       +---+---+---+---+---+---+---+---+
6 (16) |   |   |   |   |   |   |   |   |
       +---+---+---+---+---+---+---+---+
5 (24) |   |   |   |   |   |   |   |   |
       +---+---+---+---+---+---+---+---+
4 (32) |   |   |   |   |   |   |   |   |
       +---+---+---+---+---+---+---+---+
3 (40) | K |   |   |   |   | b |   |   |
       +---+---+---+---+---+---+---+---+
2 (48) |   |   |   |   |   |   |   |   |
       +---+---+---+---+---+---+---+---+
1 (56) |   |   |   |   |   |   |   | k |
       +---+---+---+---+---+---+---+---+
         a   b   c   d   e   f   g   h  
8/7P/8/8/8/K4b2/8/7k b - -
",""
-96,-96,"8/3P4/8/K7/8/8/2k3b1/8 b - - 0 1","       +---+---+---+---+---+---+---+---+
8 ( 0) |   |   |   |   |   |   |   |   |
       +---+---+---+---+---+---+---+---+
7 ( 8) |   |   |   | P |   |   |   |   |
       +---+---+---+---+---+---+---+---+
6 (16) |   |   |   |   |   |   |   |   |
       +---+---+---+---+---+---+---+---+
5 (24) | K |   |   |   |   |   |   |   |
       +---+---+---+---+---+---+---+---+
4 (32) |   |   |   |   |   |   |   |   |
       +---+---+---+---+---+---+---+---+
3 (40) |   |   |   |   |   |   |   |   |
       +---+---+---+---+---+---+---+---+
2 (48) |   |   | k |   |   |   | b |   |
       +---+---+---+---+---+---+---+---+
1 (56) |   |   |   |   |   |   |   |   |
       +---+---+---+---+---+---+---+---+
         a   b   c   d   e   f   g   h  
8/3P4/8/K7/8/8/2k3b1/8 b - -
",""
0,0,"8/1b6/7P/8/5K2/1k6/8/8 b - - 0 1","       +---+---+---+---+---+---+---+---+
8 ( 0) |   |   |   |   |   |   |   |   |
       +---+---+---+---+---+---+---+---+
7 ( 8) |   | b |   |   |   |   |   |   |
       +---+---+---+---+---+---+---+---+
6 (16) |   |   |   |   |   |   |   | P |
       +---+---+---+---+---+---+---+---+
5 (24) |   |   |   |   |   |   |   |   |
       +---+---+---+---+---+---+---+---+
4 (32) |   |   |   |   |   | K |   |   |
       +---+---+---+---+---+---+---+---+
3 (40) |   | k |   |   |   |   |   |   |
       +---+---+---+---+---+---+---+---+
2 (48) |   |   |   |   |   |   |   |   |
       +---+---+---+---+---+---+---+---+
1 (56) |   |   |   |   |   |   |   |   |
       +---+---+---+---+---+---+---+---+
         a   b   c   d   e   f   g   h  
8/1b6/7P/8/5K2/1k6/8/8 b - -
",""
0,0,"8/7b/1P6/4K3/k7/8/8/8 b - - 0 1","       +---+---+---+---+---+---+---+---+
8 ( 0) |   |   |   |   |   |   |   |   |
       +---+---+---+---+---+---+---+---+
7 ( 8) |   |   |   |   |   |   |   | b |
       +---+---+---+---+---+---+---+---+
6 (16) |   | P |   |   |   |   |   |   |
       +---+---+---+---+---+---+---+---+
5 (24) |   |   |   |   | K |   |   |   |
       +---+---+---+---+---+---+---+---+
4 (32) | k |   |   |   |   |   |   |   |
       +---+---+---+---+---+---+---+---+
3 (40) |   |   |   |   |   |   |   |   |
       +---+---+---+---+---+---+---+---+
2 (48) |   |   |   |   |   |   |   |   |
       +---+---+---+---+---+---+---+---+
1 (56) |   |   |   |   |   |   |   |   |
       +---+---+---+---+---+---+---+---+
         a   b   c   d   e   f   g   h  
8/7b/1P6/4K3/k7/8/8/8 b - -
",""
-64,-64,"8/P7/8/8/8/1K6/1b6/2k5 b - - 0 1","       +---+---+---+---+---+---+---+---+
8 ( 0) |   |   |   |   |   |   |   |   |
       +---+---+---+---+---+---+---+---+
7 ( 8) | P |   |   |   |   |   |   |   |
       +---+---+---+---+---+---+---+---+
6 (16) |   |   |   |   |   |   |   |   |
       +---+---+---+---+---+---+---+---+
5 (24) |   |   |   |   |   |   |   |   |
       +---+---+---+---+---+---+---+---+
4 (32) |   |   |   |   |   |   |   |   |
       +---+---+---+---+---+---+---+---+
3 (40) |   | K |   |   |   |   |   |   |
       +---+---+---+---+---+---+---+---+
2 (48) |   | b |   |   |   |   |   |   |
       +---+---+---+---+---+---+---+---+
1 (56) |   |   | k |   |   |   |   |   |
       +---+---+---+---+---+---+---+---+
         a   b   c   d   e   f   g   h  
8/P7/8/8/8/1K6/1b6/2k5 b - -
",""
0,0,"8/3b4/2k4P/4K3/8/8/8/8 b - - 0 1","       +---+---+---+---+---+---+---+---+
8 ( 0) |   |   |   |   |   |   |   |   |
       +---+---+---+---+---+---+---+---+
7 ( 8) |   |   |   | b |   |   |   |   |
       +---+---+---+---+---+---+---+---+
6 (16) |   |   | k |   |   |   |   | P |
       +---+---+---+---+---+---+---+---+
5 (24) |   |   |   |   | K |   |   |   |
       +---+---+---+---+---+---+---+---+
4 (32) |   |   |   |   |   |   |   |   |
       +---+---+---+---+---+---+---+---+
3 (40) |   |   |   |   |   |   |   |   |
       +---+---+---+---+---+---+---+---+
2 (48) |   |   |   |   |   |   |   |   |
       +---+---+---+---+---+---+---+---+
1 (56) |   |   |   |   |   |   |   |   |
       +---+---+---+---+---+---+---+---+
         a   b   c   d   e   f   g   h  
8/3b4/2k4P/4K3/8/8/8/8 b - -
",""
-92,-92,"1k6/5K1P/8/8/8/7b/8/8 b - - 0 1","       +---+---+---+---+---+---+---+---+
8 ( 0) |   | k |   |   |   |   |   |   |
       +---+---+---+---+---+---+---+---+
7 ( 8) |   |   |   |   |   | K |   | P |
       +---+---+---+---+---+---+---+---+
6 (16) |   |   |   |   |   |   |   |   |
       +---+---+---+---+---+---+---+---+
5 (24) |   |   |   |   |   |   |   |   |
       +---+---+---+---+---+---+---+---+
4 (32) |   |   |   |   |   |   |   |   |
       +---+---+---+---+---+---+---+---+
3 (40) |   |   |   |   |   |   |   | b |
       +---+---+---+---+---+---+---+---+
2 (48) |   |   |   |   |   |   |   |   |
       +---+---+---+---+---+---+---+---+
1 (56) |   |   |   |   |   |   |   |   |
       +---+---+---+---+---+---+---+---+
         a   b   c   d   e   f   g   h  
1k6/5K1P/8/8/8/7b/8/8 b - -
",""
-106,-106,"8/1P6/8/4k3/8/8/2b4K/8 b - - 0 1","       +---+---+---+---+---+---+---+---+
8 ( 0) |   |   |   |   |   |   |   |   |
       +---+---+---+---+---+---+---+---+
7 ( 8) |   | P |   |   |   |   |   |   |
       +---+---+---+---+---+---+---+---+
6 (16) |   |   |   |   |   |   |   |   |
       +---+---+---+---+---+---+---+---+
5 (24) |   |   |   |   | k |   |   |   |
       +---+---+---+---+---+---+---+---+
4 (32) |   |   |   |   |   |   |   |   |
       +---+---+---+---+---+---+---+---+
3 (40) |   |   |   |   |   |   |   |   |
       +---+---+---+---+---+---+---+---+
2 (48) |   |   | b |   |   |   |   | K |
       +---+---+---+---+---+---+---+---+
1 (56) |   |   |   |   |   |   |   |   |
       +---+---+---+---+---+---+---+---+
         a   b   c   d   e   f   g   h  
8/1P6/8/4k3/8/8/2b4K/8 b - -
",""
-22,-22,"7K/4P3/8/8/1k6/8/7b/8 b - - 0 1","       +---+---+---+---+---+---+---+---+
8 ( 0) |   |   |   |   |   |   |   | K |
       +---+---+---+---+---+---+---+---+
7 ( 8) |   |   |   |   | P |   |   |   |
       +---+---+---+---+---+---+---+---+
6 (16) |   |   |   |   |   |   |   |   |
       +---+---+---+---+---+---+---+---+
5 (24) |   |   |   |   |   |   |   |   |
       +---+---+---+---+---+---+---+---+
4 (32) |   | k |   |   |   |   |   |   |
       +---+---+---+---+---+---+---+---+
3 (40) |   |   |   |   |   |   |   |   |
       +---+---+---+---+---+---+---+---+
2 (48) |   |   |   |   |   |   |   | b |
       +---+---+---+---+---+---+---+---+
1 (56) |   |   |   |   |   |   |   |   |
       +---+---+---+---+---+---+---+---+
         a   b   c   d   e   f   g   h  
7K/4P3/8/8/1k6/8/7b/8 b - -
",""
-78,-78,"8/5P2/8/8/6b1/8/4k3/2K5 b - - 0 1","       +---+---+---+---+---+---+---+---+
8 ( 0) |   |   |   |   |   |   |   |   |
       +---+---+---+---+---+---+---+---+
7 ( 8) |   |   |   |   |   | P |   |   |
       +---+---+---+---+---+---+---+---+
6 (16) |   |   |   |   |   |   |   |   |
       +---+---+---+---+---+---+---+---+
5 (24) |   |   |   |   |   |   |   |   |
       +---+---+---+---+---+---+---+---+
4 (32) |   |   |   |   |   |   | b |   |
       +---+---+---+---+---+---+---+---+
3 (40) |   |   |   |   |   |   |   |   |
       +---+---+---+---+---+---+---+---+
2 (48) |   |   |   |   | k |   |   |   |
       +---+---+---+---+---+---+---+---+
1 (56) |   |   | K |   |   |   |   |   |
       +---+---+---+---+---+---+---+---+
         a   b   c   d   e   f   g   h  
8/5P2/8/8/6b1/8/4k3/2K5 b - -
",""
0,0,"8/5P2/3K3k/8/8/8/8/5b2 b - - 0 1","       +---+---+---+---+---+---+---+---+
8 ( 0) |   |   |   |   |   |   |   |   |
       +---+---+---+---+---+---+---+---+
7 ( 8) |   |   |   |   |   | P |   |   |
       +---+---+---+---+---+---+---+---+
6 (16) |   |   |   | K |   |   |   | k |
       +---+---+---+---+---+---+---+---+
5 (24) |   |   |   |   |   |   |   |   |
       +---+---+---+---+---+---+---+---+
4 (32) |   |   |   |   |   |   |   |   |
       +---+---+---+---+---+---+---+---+
3 (40) |   |   |   |   |   |   |   |   |
       +---+---+---+---+---+---+---+---+
2 (48) |   |   |   |   |   |   |   |   |
       +---+---+---+---+---+---+---+---+
1 (56) |   |   |   |   |   | b |   |   |
       +---+---+---+---+---+---+---+---+
         a   b   c   d   e   f   g   h  
8/5P2/3K3k/8/8/8/8/5b2 b - -
",""
-48,-48,"8/2P5/8/K7/8/6k1/1b6/8 b - - 0 1","       +---+---+---+---+---+---+---+---+
8 ( 0) |   |   |   |   |   |   |   |   |
       +---+---+---+---+---+---+---+---+
7 ( 8) |   |   | P |   |   |   |   |   |
       +---+---+---+---+---+---+---+---+
6 (16) |   |   |   |   |   |   |   |   |
       +---+---+---+---+---+---+---+---+
5 (24) | K |   |   |   |   |   |   |   |
       +---+---+---+---+---+---+---+---+
4 (32) |   |   |   |   |   |   |   |   |
       +---+---+---+---+---+---+---+---+
3 (40) |   |   |   |   |   |   | k |   |
       +---+---+---+---+---+---+---+---+
2 (48) |   | b |   |   |   |   |   |   |
       +---+---+---+---+---+---+---+---+
1 (56) |   |   |   |   |   |   |   |   |
       +---+---+---+---+---+---+---+---+
         a   b   c   d   e   f   g   h  
8/2P5/8/K7/8/6k1/1b6/8 b - -
",""
-106,-106,"8/1P6/7K/2k5/8/8/8/1b6 b - - 0 1","       +---+---+---+---+---+---+---+---+
8 ( 0) |   |   |   |   |   |   |   |   |
       +---+---+---+---+---+---+---+---+
7 ( 8) |   | P |   |   |   |   |   |   |
       +---+---+---+---+---+---+---+---+
6 (16) |   |   |   |   |   |   |   | K |
       +---+---+---+---+---+---+---+---+
5 (24) |   |   | k |   |   |   |   |   |
       +---+---+---+---+---+---+---+---+
4 (32) |   |   |   |   |   |   |   |   |
       +---+---+---+---+---+---+---+---+
3 (40) |   |   |   |   |   |   |   |   |
       +---+---+---+---+---+---+---+---+
2 (48) |   |   |   |   |   |   |   |   |
       +---+---+---+---+---+---+---+---+
1 (56) |   | b |   |   |   |   |   |   |
       +---+---+---+---+---+---+---+---+
         a   b   c   d   e   f   g   h  
8/1P6/7K/2k5/8/8/8/1b6 b - -
",""
-28,-28,"1K6/4P3/8/8/8/2k5/3b4/8 b - - 0 1","       +---+---+---+---+---+---+---+---+
8 ( 0) |   | K |   |   |   |   |   |   |
       +---+---+---+---+---+---+---+---+
7 ( 8) |   |   |   |   | P |   |   |   |
       +---+---+---+---+---+---+---+---+
6 (16) |   |   |   |   |   |   |   |   |
       +---+---+---+---+---+---+---+---+
5 (24) |   |   |   |   |   |   |   |   |
       +---+---+---+---+---+---+---+---+
4 (32) |   |   |   |   |   |   |   |   |
       +---+---+---+---+---+---+---+---+
3 (40) |   |   | k |   |   |   |   |   |
       +---+---+---+---+---+---+---+---+
2 (48) |   |   |   | b |   |   |   |   |
       +---+---+---+---+---+---+---+---+
1 (56) |   |   |   |   |   |   |   |   |
       +---+---+---+---+---+---+---+---+
         a   b   c   d   e   f   g   h  
1K6/4P3/8/8/8/2k5/3b4/8 b - -
",""
-36,-36,"1K6/P7/8/8/7b/8/8/2k5 b - - 0 1","       +---+---+---+---+---+---+---+---+
8 ( 0) |   | K |   |   |   |   |   |   |
       +---+---+---+---+---+---+---+---+
7 ( 8) | P |   |   |   |   |   |   |   |
       +---+---+---+---+---+---+---+---+
6 (16) |   |   |   |   |   |   |   |   |
       +---+---+---+---+---+---+---+---+
5 (24) |   |   |   |   |   |   |   |   |
       +---+---+---+---+---+---+---+---+
4 (32) |   |   |   |   |   |   |   | b |
       +---+---+---+---+---+---+---+---+
3 (40) |   |   |   |   |   |   |   |   |
       +---+---+---+---+---+---+---+---+
2 (48) |   |   |   |   |   |   |   |   |
       +---+---+---+---+---+---+---+---+
1 (56) |   |   | k |   |   |   |   |   |
       +---+---+---+---+---+---+---+---+
         a   b   c   d   e   f   g   h  
1K6/P7/8/8/7b/8/8/2k5 b - -
",""
0,0,"8/6P1/8/8/6k1/7b/3K4/8 b - - 0 1","       +---+---+---+---+---+---+---+---+
8 ( 0) |   |   |   |   |   |   |   |   |
       +---+---+---+---+---+---+---+---+
7 ( 8) |   |   |   |   |   |   | P |   |
       +---+---+---+---+---+---+---+---+
6 (16) |   |   |   |   |   |   |   |   |
       +---+---+---+---+---+---+---+---+
5 (24) |   |   |   |   |   |   |   |   |
       +---+---+---+---+---+---+---+---+
4 (32) |   |   |   |   |   |   | k |   |
       +---+---+---+---+---+---+---+---+
3 (40) |   |   |   |   |   |   |   | b |
       +---+---+---+---+---+---+---+---+
2 (48) |   |   |   | K |   |   |   |   |
       +---+---+---+---+---+---+---+---+
1 (56) |   |   |   |   |   |   |   |   |
       +---+---+---+---+---+---+---+---+
         a   b   c   d   e   f   g   h  
8/6P1/8/8/6k1/7b/3K4/8 b - -
",""
0,0,"8/1P6/8/4k1K1/8/8/8/b7 b - - 0 1","       +---+---+---+---+---+---+---+---+
8 ( 0) |   |   |   |   |   |   |   |   |
       +---+---+---+---+---+---+---+---+
7 ( 8) |   | P |   |   |   |   |   |   |
       +---+---+---+---+---+---+---+---+
6 (16) |   |   |   |   |   |   |   |   |
       +---+---+---+---+---+---+---+---+
5 (24) |   |   |   |   | k |   | K |   |
       +---+---+---+---+---+---+---+---+
4 (32) |   |   |   |   |   |   |   |   |
       +---+---+---+---+---+---+---+---+
3 (40) |   |   |   |   |   |   |   |   |
       +---+---+---+---+---+---+---+---+
2 (48) |   |   |   |   |   |   |   |   |
       +---+---+---+---+---+---+---+---+
1 (56) | b |   |   |   |   |   |   |   |
       +---+---+---+---+---+---+---+---+
         a   b   c   d   e   f   g   h  
8/1P6/8/4k1K1/8/8/8/b7 b - -
",""
-120,-120,"8/1P6/6b1/8/3k4/8/8/K7 b - - 0 1","       +---+---+---+---+---+---+---+---+
8 ( 0) |   |   |   |   |   |   |   |   |
       +---+---+---+---+---+---+---+---+
7 ( 8) |   | P |   |   |   |   |   |   |
       +---+---+---+---+---+---+---+---+
6 (16) |   |   |   |   |   |   | b |   |
       +---+---+---+---+---+---+---+---+
5 (24) |   |   |   |   |   |   |   |   |
       +---+---+---+---+---+---+---+---+
4 (32) |   |   |   | k |   |   |   |   |
       +---+---+---+---+---+---+---+---+
3 (40) |   |   |   |   |   |   |   |   |
       +---+---+---+---+---+---+---+---+
2 (48) |   |   |   |   |   |   |   |   |
       +---+---+---+---+---+---+---+---+
1 (56) | K |   |   |   |   |   |   |   |
       +---+---+---+---+---+---+---+---+
         a   b   c   d   e   f   g   h  
8/1P6/6b1/8/3k4/8/8/K7 b - -
",""
